{
  "train_runtime": 8013.6081,
  "train_samples_per_second": 4.728,
  "train_steps_per_second": 0.037,
  "total_flos": 5.310706839061709e+17,
  "train_loss": 0.7790634556104673,
  "entropy": 0.6986677772807379,
  "num_tokens": 37121764.0,
  "mean_token_accuracy": 0.8247478417236439,
  "epoch": 2.0
}