{
  "train_runtime": 8016.9648,
  "train_samples_per_second": 4.726,
  "train_steps_per_second": 0.037,
  "total_flos": 5.319523783104184e+17,
  "train_loss": 0.7779316682143499,
  "entropy": 0.6978126820856637,
  "num_tokens": 37121764.0,
  "mean_token_accuracy": 0.8249442094433916,
  "epoch": 2.0
}