{
  "train_runtime": 4144.5385,
  "train_samples_per_second": 15.223,
  "train_steps_per_second": 0.096,
  "total_flos": 3.169676426939105e+17,
  "train_loss": 0.45438917357512193,
  "entropy": 0.36426327061653135,
  "num_tokens": 18421684.0,
  "mean_token_accuracy": 0.9007101607322693,
  "epoch": 4.0
}