{
  "train_runtime": 3589.1156,
  "train_samples_per_second": 13.184,
  "train_steps_per_second": 0.206,
  "total_flos": 2.266129594975918e+17,
  "train_loss": 0.2746719077490924,
  "entropy": 0.24450188875198364,
  "num_tokens": 13910901.0,
  "mean_token_accuracy": 0.9375512301921844,
  "epoch": 3.0
}