{
  "train_runtime": 3562.1188,
  "train_samples_per_second": 13.284,
  "train_steps_per_second": 0.208,
  "total_flos": 2.258689114108324e+17,
  "train_loss": 0.2755825715830773,
  "entropy": 0.24559003859758377,
  "num_tokens": 13816263.0,
  "mean_token_accuracy": 0.9362593293190002,
  "epoch": 3.0
}