{
  "global_step": 32,
  "epoch": 0,
  "metrics": {
    "loss": [
      -0.04170741146663204,
      -0.11037067440338433,
      -0.1569301881827414,
      -0.1371596297249198,
      -0.06657382869161665,
      -0.17513428651727736,
      -0.12828917539445683,
      -0.06672571689705364,
      -0.12908634182531387,
      -0.08792686951346695,
      -0.047845491440966725,
      -0.04407484032708453,
      -0.05891501298174262,
      -0.06174554643803276,
      -0.031163222971372306,
      -0.14735037367790937,
      -0.1154265406075865,
      -0.04423541243886575,
      -0.10288883931934834,
      -0.05931539891753346,
      0.01713818497955799,
      -0.07440941262757406,
      -0.2281496413052082,
      -0.08777982933679596,
      -0.104549111565575,
      -0.221033290727064,
      -0.13650676421821117,
      -0.038233182654948905,
      -0.0790703947423026,
      -0.16080306540243328,
      -0.08522639377042651,
      -0.12926499918103218
    ],
    "reward": [
      -1.3411045329814186e-08,
      -1.1175871172941498e-08,
      -8.195638889763046e-09,
      -1.1175870950896893e-08,
      -1.1920929354758414e-08,
      -1.490116185998147e-08,
      -2.2351743234061416e-09,
      -2.235174251241645e-08,
      3.725290687039973e-09,
      5.215406495562291e-09,
      -6.705522803684971e-09,
      -7.450580596923828e-09,
      -1.937151028474915e-08,
      -1.71363356282761e-08,
      -1.6391277446459185e-08,
      -1.1102230246251565e-16,
      -1.1920929576803019e-08,
      -9.164214292978201e-08,
      -2.9802318390892424e-09,
      -8.940696960557659e-09,
      -6.705522914707274e-09,
      -1.6391277779526092e-08,
      7.450581041013038e-09,
      -9.68575492032997e-09,
      -9.685755419930331e-09,
      -1.4156103733675707e-08,
      -8.195638778740744e-09,
      -1.1920928799646902e-08,
      -1.713633557276495e-08,
      -2.9057264705478758e-08,
      -4.4703479806784685e-09,
      1.1920929132713809e-08
    ],
    "accuracy": [
      0.5874999999999999,
      0.6624999999999999,
      0.6375,
      0.625,
      0.7,
      0.6875,
      0.6,
      0.6,
      0.7124999999999999,
      0.6625,
      0.675,
      0.5375000000000001,
      0.6375,
      0.675,
      0.6499999999999999,
      0.65,
      0.6499999999999999,
      0.6875,
      0.65,
      0.7,
      0.6125,
      0.625,
      0.6,
      0.5874999999999999,
      0.6,
      0.625,
      0.625,
      0.675,
      0.7625,
      0.675,
      0.65,
      0.65
    ],
    "kl_penalty": [
      0.0,
      0.0,
      0.0,
      0.0,
      0.0,
      0.0,
      0.0,
      0.0,
      0.0,
      0.0,
      0.0,
      0.0,
      0.0,
      0.0,
      0.0,
      0.0,
      0.0,
      0.0,
      0.0,
      0.0,
      0.0,
      0.0,
      0.0,
      0.0,
      0.0,
      0.0,
      0.0,
      0.0,
      0.0,
      0.0,
      0.0,
      0.0
    ],
    "lr": [
      0.0,
      2.0000000000000002e-07,
      4.0000000000000003e-07,
      6.000000000000001e-07,
      8.000000000000001e-07,
      1.0000000000000002e-06,
      1.2000000000000002e-06,
      1.4000000000000001e-06,
      1.6000000000000001e-06,
      1.8000000000000001e-06,
      2.0000000000000003e-06,
      2.2e-06,
      2.4000000000000003e-06,
      2.6e-06,
      2.8000000000000003e-06,
      3e-06,
      3.2000000000000003e-06,
      3.4000000000000005e-06,
      3.6000000000000003e-06,
      3.8000000000000005e-06,
      4.000000000000001e-06,
      4.2000000000000004e-06,
      4.4e-06,
      4.600000000000001e-06,
      4.800000000000001e-06,
      5e-06,
      4.999756310023261e-06,
      4.999025287600886e-06,
      4.997807075247147e-06,
      4.996101910454953e-06,
      4.993910125649561e-06,
      4.9912321481237616e-06
    ],
    "code_error_rate": [
      0.05,
      0.0625,
      0.025,
      0.025,
      0.025,
      0.025,
      0.025,
      0.025,
      0.05,
      0.037500000000000006,
      0.05,
      0.05,
      0.025,
      0.025,
      0.037500000000000006,
      0.0625,
      0.07500000000000001,
      0.05,
      0.025,
      0.05,
      0.0625,
      0.037500000000000006,
      0.037500000000000006,
      0.037500000000000006,
      0.025,
      0.037500000000000006,
      0.0,
      0.025,
      0.0125,
      0.0625,
      0.0125,
      0.05
    ]
  },
  "eval_metrics": {
    "gsm8k": [
      0.5
    ],
    "math500": [
      0.5
    ]
  }
}