{
  "train_runtime": 9344.0699,
  "train_samples_per_second": 4.055,
  "train_steps_per_second": 0.032,
  "total_flos": 5.301889895019233e+17,
  "train_loss": 0.5278008196177899,
  "entropy": 0.4955395699417504,
  "num_tokens": 37121764.0,
  "mean_token_accuracy": 0.8624272511823334,
  "epoch": 2.0
}